datetime,open,high,low,close,volume,turnover,open_interest,symbol,exchange,interval
2023-01-02,3961.7984736851386,3966.397381543852,3953.141481729778,3956.8096439277933,974,1350744,14058,rb9999,SHFE,1d
2023-01-03,4001.8152464204786,4011.769567275405,3993.05979436732,3996.470152126456,586,1086165,17828,rb9999,SHFE,1d
2023-01-04,4003.826501410146,4014.451783503458,4003.999385352806,4007.7953196751937,677,1625845,12570,rb9999,SHFE,1d
2023-01-05,3945.768572773061,3954.4383927675226,3939.224651347289,3947.8785054179693,801,1870342,19281,rb9999,SHFE,1d
2023-01-06,3918.4234805936803,3933.2411231688193,3909.3296941992203,3925.102026363023,565,1286516,14362,rb9999,SHFE,1d
2023-01-09,3989.508804835351,3994.95702858709,3983.8124029143905,3990.460789186164,1299,1323677,18584,rb9999,SHFE,1d
2023-01-10,3896.4113196652124,3897.8434101977887,3892.1181463753655,3894.790604542259,1549,1636082,11014,rb9999,SHFE,1d
2023-01-11,3877.60611102663,3879.6155844556274,3872.7191152303117,3878.1211300676027,1064,1570441,11358,rb9999,SHFE,1d
2023-01-12,3935.111210224185,3952.956559861032,3923.917139504758,3927.527739882277,1907,1462466,12769,rb9999,SHFE,1d
2023-01-13,3892.0531651285623,3903.4555895696153,3891.0878277364636,3893.633370437067,1134,1657488,16994,rb9999,SHFE,1d
2023-01-16,3863.0799783545735,3867.4555219067092,3850.5596713789637,3867.289556122966,850,1264099,16193,rb9999,SHFE,1d
2023-01-17,3865.825109073102,3868.0608243605093,3856.667309324507,3863.628619949658,1253,1434505,13499,rb9999,SHFE,1d
2023-01-18,3922.2701957232393,3926.0562120967115,3918.003931399082,3921.6822028964057,510,1031765,13358,rb9999,SHFE,1d
2023-01-19,3898.8481633153906,3898.569912826682,3888.0101804643505,3896.7063675124787,1005,1923523,13804,rb9999,SHFE,1d
2023-01-20,3880.6225716575987,3882.8703183155517,3875.9186611037753,3879.44404337906,1779,1149672,16176,rb9999,SHFE,1d
2023-01-23,3863.57174774041,3872.6007018489677,3838.9141367037028,3862.630170759185,769,1374788,12697,rb9999,SHFE,1d
2023-01-24,3940.4033434328003,3950.2554855825056,3928.788543427169,3948.783842972117,1947,1884758,12892,rb9999,SHFE,1d
2023-01-25,4033.155720657813,4050.4023575611895,4028.084863371183,4036.0863795943083,1663,1060202,19150,rb9999,SHFE,1d
2023-01-26,4074.408343168145,4088.345440967876,4065.6816186933247,4076.814988641824,1556,1722625,19663,rb9999,SHFE,1d
2023-01-27,4091.1654584084704,4095.082466860334,4084.3428869927675,4092.5895336159747,1097,1750463,18077,rb9999,SHFE,1d
2023-01-30,4121.02987207176,4131.974391551742,4116.452741194362,4122.878536333842,1219,1531789,13893,rb9999,SHFE,1d
2023-01-31,4186.527565951533,4187.14051377317,4176.919051509999,4184.800001996798,1284,1359925,13068,rb9999,SHFE,1d
2023-02-01,4148.311055876724,4159.310109120204,4133.768693859202,4145.819905211495,1329,1402497,10465,rb9999,SHFE,1d
2023-02-02,4190.108311497722,4209.8459815917395,4187.291464628239,4194.855381529263,1964,1006582,14363,rb9999,SHFE,1d
2023-02-03,4145.430433821339,4147.055390953745,4131.1357991257,4142.585287990024,1590,1236327,13958,rb9999,SHFE,1d
2023-02-06,4118.661122403234,4120.749310254829,4104.551993441107,4116.249954329198,943,1083740,15793,rb9999,SHFE,1d
2023-02-07,4155.693231872757,4156.285093376027,4147.396242632888,4153.758535485377,1752,1129543,13784,rb9999,SHFE,1d
2023-02-08,4089.030448994204,4104.320700607429,4091.3768568621745,4094.836495089975,687,1203727,11081,rb9999,SHFE,1d
2023-02-09,4090.906512276969,4097.524550085482,4066.1098630591937,4089.104925022979,1532,1318747,12142,rb9999,SHFE,1d
2023-02-10,4054.353104131205,4075.395499765931,4037.612999946565,4054.018260792147,1229,1532379,13423,rb9999,SHFE,1d
2023-02-13,4047.55411891344,4051.6583318622697,4030.4376238379186,4043.6686382881417,1996,1333954,10125,rb9999,SHFE,1d
2023-02-14,3939.0880391374026,3940.46233057897,3923.91186032966,3932.0718200656556,902,1296418,12360,rb9999,SHFE,1d
2023-02-15,3869.161995033111,3873.3089794636903,3848.9124767073313,3863.0272455233203,1060,1447515,17430,rb9999,SHFE,1d
2023-02-16,3836.517300544852,3844.888786091135,3821.2902698120847,3836.085187904219,1411,1276264,11715,rb9999,SHFE,1d
2023-02-17,3871.821677083537,3880.623765161404,3859.1589434273064,3871.828935569206,1763,1645487,10001,rb9999,SHFE,1d
2023-02-20,3867.554443067911,3872.9997677837446,3864.880436539857,3865.1118922401056,1385,1902041,17612,rb9999,SHFE,1d
2023-02-21,3860.9120148011048,3881.6500461972955,3859.654805337634,3865.221891639114,1593,1642585,14444,rb9999,SHFE,1d
2023-02-22,3886.269039660425,3895.5705566109887,3881.133414807463,3891.9149751033665,1691,1607188,18230,rb9999,SHFE,1d
2023-02-23,3856.011319570519,3866.9277899353756,3844.317100928518,3857.834264279353,1647,1998420,11693,rb9999,SHFE,1d
2023-02-24,3873.5137949538853,3869.608569306071,3849.235140996579,3868.791668110152,782,1547566,19261,rb9999,SHFE,1d
2023-02-27,3836.4880565165085,3843.487494070279,3835.7063267111434,3837.7588470727583,1934,1042680,18116,rb9999,SHFE,1d
2023-02-28,3777.6923011731574,3774.9121367494076,3754.7562131018894,3772.024529139428,1375,1974953,12747,rb9999,SHFE,1d
2023-03-01,3746.8326741245405,3768.700074149103,3754.138639180089,3757.3084742874257,1522,1688180,16105,rb9999,SHFE,1d
2023-03-02,3772.9321621990575,3781.7106264733093,3777.7022324780983,3778.9301043470587,1540,1931372,17867,rb9999,SHFE,1d
2023-03-03,3791.27783734077,3796.180686501065,3790.25111178714,3791.7468337019404,1139,1760664,11744,rb9999,SHFE,1d
2023-03-06,3794.665688270809,3800.71125161267,3778.141992583651,3791.2982778358405,667,1704911,11919,rb9999,SHFE,1d
2023-03-07,3882.823290020154,3906.0167379581067,3877.275329379933,3883.093643032202,1442,1384105,17050,rb9999,SHFE,1d
2023-03-08,3898.787591765158,3923.632879286177,3890.8589346742183,3899.160557173672,1385,1486471,12016,rb9999,SHFE,1d
2023-03-09,3937.0310528511004,3941.2941343355637,3935.461248528721,3937.510411256157,1811,1632800,11230,rb9999,SHFE,1d
2023-03-10,4019.5326039392007,4035.197754408329,4006.1949690397446,4026.6311428582144,1330,1039865,13090,rb9999,SHFE,1d
2023-03-13,3979.4619720651317,3997.8143210826283,3970.4740795215603,3974.858811794899,1874,1806745,12081,rb9999,SHFE,1d
2023-03-14,3931.0963184577913,3943.7145407456683,3915.9029667060945,3933.7821661363546,913,1244484,15227,rb9999,SHFE,1d
2023-03-15,4007.3389122575923,4018.975836136477,3993.235052741689,4002.9775375043855,1541,1446679,17599,rb9999,SHFE,1d
2023-03-16,3970.878343023465,3975.8240497071147,3969.5927183778736,3971.158402687292,630,1714933,12033,rb9999,SHFE,1d
2023-03-17,3976.580439145042,3974.850837788135,3963.165268895248,3972.337345747207,810,1029606,13151,rb9999,SHFE,1d
2023-03-20,4016.4202960551443,4015.813913238393,4011.986533514286,4015.04210081008,657,1601908,12715,rb9999,SHFE,1d
2023-03-21,4050.531945074919,4056.240837075061,4048.214970753309,4050.9640796043805,1795,1826498,19629,rb9999,SHFE,1d
2023-03-22,4123.614130655579,4133.571830855279,4102.515273437657,4122.681325988421,1643,1407472,19128,rb9999,SHFE,1d
2023-03-23,4178.641262266554,4189.135873761605,4182.696602019005,4184.805386899947,647,1922875,11856,rb9999,SHFE,1d
2023-03-24,4229.823034355782,4234.185141904913,4222.354191671445,4229.797531522597,905,1766038,11398,rb9999,SHFE,1d
2023-03-27,4204.442101062825,4213.101716707086,4184.491610120305,4197.239468892644,749,1760491,15226,rb9999,SHFE,1d
2023-03-28,4236.269322618251,4232.824629241986,4226.082145884758,4230.734702709223,1903,1345834,16199,rb9999,SHFE,1d
2023-03-29,4239.871140826928,4255.804232870563,4243.26881204922,4244.0516317704105,536,1416552,12507,rb9999,SHFE,1d
2023-03-30,4190.253737350929,4198.463804631149,4169.350701623512,4188.135856304915,1992,1998557,19256,rb9999,SHFE,1d
2023-03-31,4248.970301210059,4268.397193196396,4222.876842512003,4247.91690326597,1398,1071241,17092,rb9999,SHFE,1d
2023-04-03,4285.845900618443,4291.8252890917065,4263.011518031737,4282.34641731481,975,1477380,14837,rb9999,SHFE,1d
2023-04-04,4284.698282030848,4289.484378042907,4283.885744345032,4284.294903303273,870,1082952,16921,rb9999,SHFE,1d
2023-04-05,4273.322110842502,4301.434949133512,4272.719340547843,4274.32018167284,653,1123879,12598,rb9999,SHFE,1d
2023-04-06,4229.026407002639,4223.410549037741,4186.280044575158,4223.406612183382,1950,1871588,15342,rb9999,SHFE,1d
2023-04-07,4232.757493382721,4246.845428498186,4218.698535384727,4231.8417373532875,1198,1626281,14595,rb9999,SHFE,1d
2023-04-10,4257.049715388636,4255.533722835338,4244.532472213283,4251.7118428627255,1336,1917564,11281,rb9999,SHFE,1d
2023-04-11,4220.628498913851,4234.876627026351,4206.238267543354,4216.519980019194,1863,1492707,13753,rb9999,SHFE,1d
2023-04-12,4264.426217829347,4267.858773080281,4260.624283475682,4265.810418885013,1387,1307736,16832,rb9999,SHFE,1d
2023-04-13,4218.557033388748,4221.514896633261,4213.319722123358,4219.26165124209,556,1106412,12546,rb9999,SHFE,1d
2023-04-14,4138.598143353693,4134.867294287763,4115.317566096864,4130.626725925259,1563,1576282,17844,rb9999,SHFE,1d
2023-04-17,4174.597222443909,4177.374752557867,4164.056247494383,4173.798013894292,1421,1256520,15194,rb9999,SHFE,1d
2023-04-18,4153.842623811527,4186.463490953013,4141.380642420094,4156.9962393144715,1959,1078443,18740,rb9999,SHFE,1d
2023-04-19,4146.778201906697,4154.76143064106,4137.762216596053,4151.760494179542,1345,1564507,13959,rb9999,SHFE,1d
2023-04-20,4121.14464322957,4124.795304445154,4114.821115846527,4117.134009450661,1726,1101608,14491,rb9999,SHFE,1d
2023-04-21,4052.191904862125,4054.6946689789493,4047.572138312971,4051.5424680437427,1806,1733861,13014,rb9999,SHFE,1d
2023-04-24,4099.469736742734,4114.763727949327,4089.771649201956,4102.719467808464,1009,1089452,16253,rb9999,SHFE,1d
2023-04-25,4077.302860556618,4076.11487901336,4065.976266439846,4074.554228080304,1395,1056965,19589,rb9999,SHFE,1d
2023-04-26,4143.457605325698,4152.328356856271,4136.984900688776,4142.795799102908,1414,1717484,19887,rb9999,SHFE,1d
2023-04-27,4169.441526667297,4204.856322250126,4172.811089476527,4176.37629539192,1458,1534007,10480,rb9999,SHFE,1d
2023-04-28,4165.702323322912,4164.4553788485455,4142.75074212666,4163.251477317586,961,1519282,10283,rb9999,SHFE,1d
2023-05-01,4123.777667670351,4142.281979607017,4104.0500061627745,4118.287205456398,1530,1571861,19347,rb9999,SHFE,1d
2023-05-02,4098.697784073037,4092.3607168091,4080.851514114735,4088.2325211109915,1003,1194478,15041,rb9999,SHFE,1d
2023-05-03,4039.102043746871,4059.8734812894963,4024.2310383795707,4038.961073649254,946,1597039,16603,rb9999,SHFE,1d
2023-05-04,4125.104097019444,4131.7071157574455,4117.35934651681,4124.144616184079,1346,1362905,11596,rb9999,SHFE,1d
2023-05-05,4137.568731554779,4147.158508889965,4117.728915934693,4130.931989417938,913,1221101,16593,rb9999,SHFE,1d
2023-05-08,4179.425547532706,4187.44416416923,4172.1525284078225,4178.720504336321,1604,1816519,10029,rb9999,SHFE,1d
2023-05-09,4127.231667147527,4130.060447206042,4119.337184465719,4126.095580303201,1093,1200794,14667,rb9999,SHFE,1d
2023-05-10,4130.96532169767,4141.569565735557,4126.554709544457,4133.572028240982,1965,1753760,17371,rb9999,SHFE,1d
2023-05-11,4176.715625979621,4202.318356857268,4178.241765020917,4182.547666353321,1357,1664453,14383,rb9999,SHFE,1d
2023-05-12,4172.363719812814,4177.979355472802,4161.954353059758,4168.55912618859,1253,1665830,11049,rb9999,SHFE,1d
2023-05-15,4206.400128258793,4215.358461672813,4199.3078144344645,4211.764105668247,1372,1439698,18334,rb9999,SHFE,1d
2023-05-16,4171.083834837054,4168.892030811459,4148.417422385555,4166.331482820986,1480,1961460,15214,rb9999,SHFE,1d
2023-05-17,4106.670966649805,4111.286591642611,4093.755486351935,4109.910256363991,1432,1621837,19545,rb9999,SHFE,1d
2023-05-18,4126.627129913613,4131.129799695293,4118.971178483636,4125.532898492444,734,1807564,12811,rb9999,SHFE,1d
2023-05-19,4108.389463031822,4117.481645812487,4108.106764370271,4109.919469868612,1426,1527672,19584,rb9999,SHFE,1d
2023-05-22,4141.250901988432,4155.3193908380135,4121.829814130821,4136.392294614892,1210,1833348,10212,rb9999,SHFE,1d
2023-05-23,4056.6029167054385,4057.2362574320036,4052.515487126739,4055.3828693596215,1180,1049449,18358,rb9999,SHFE,1d
2023-05-24,4092.3727133907914,4091.7235761280426,4084.073080339465,4084.371041066324,795,1727493,18766,rb9999,SHFE,1d
2023-05-25,4187.343496709291,4197.338544163922,4186.8060879952845,4191.886150164641,831,1063771,14406,rb9999,SHFE,1d
2023-05-26,4192.588423899543,4195.5676706458735,4184.5226359702565,4190.853984155394,1460,1331926,10931,rb9999,SHFE,1d
2023-05-29,4192.483545874422,4220.982345140074,4179.304752236816,4192.285075213663,1696,1339990,19220,rb9999,SHFE,1d
2023-05-30,4200.994775402101,4213.909021898781,4188.385270538389,4199.819063054957,509,1843954,16020,rb9999,SHFE,1d
2023-05-31,4128.921917909578,4122.731470840506,4117.407029545097,4122.342983465625,1087,1996768,19140,rb9999,SHFE,1d
2023-06-01,4142.3708798940015,4156.372602371676,4124.081212633817,4139.947693865143,1350,1278778,19201,rb9999,SHFE,1d
2023-06-02,4069.340193384956,4103.829859516825,4071.5594427421543,4074.015229376003,1659,1654502,11456,rb9999,SHFE,1d
2023-06-05,4058.7929585286224,4076.9290628414387,4051.9526487713756,4056.628703229462,1148,1412859,15399,rb9999,SHFE,1d
2023-06-06,4105.654827743017,4111.624145646016,4091.149420308599,4107.36192694474,1731,1400269,18043,rb9999,SHFE,1d
2023-06-07,4075.3446463220807,4097.527770226725,4055.229341448919,4077.2746445394173,808,1045024,19476,rb9999,SHFE,1d
2023-06-08,4102.048924783114,4103.679850333459,4090.8934675058013,4097.763249060537,1294,1289839,12992,rb9999,SHFE,1d
2023-06-09,4136.9803800438995,4143.326287034368,4132.188479937192,4139.47375059257,958,1780327,18502,rb9999,SHFE,1d
2023-06-12,4149.451979921014,4157.904148310883,4145.217965274772,4151.028251238651,1470,1595775,10786,rb9999,SHFE,1d
2023-06-13,4094.6408009562206,4102.778059365277,4082.745667337538,4094.5081091902675,527,1407860,10698,rb9999,SHFE,1d
2023-06-14,4084.778793900177,4090.715003178472,4052.1181455979818,4080.9174873278853,849,1933163,10747,rb9999,SHFE,1d
2023-06-15,4164.088364752326,4163.159765643758,4159.070448850993,4161.667981091629,1383,1078892,12651,rb9999,SHFE,1d
2023-06-16,4077.283879349669,4086.696500747497,4067.831550653086,4078.2398795918234,1483,1738276,14887,rb9999,SHFE,1d
2023-06-19,4065.9012153610142,4070.764598807186,4055.0497215857945,4067.0081592677257,796,1164710,19632,rb9999,SHFE,1d
2023-06-20,4039.923472277929,4045.6775840768796,4037.9533240903825,4044.615750980147,717,1365967,12963,rb9999,SHFE,1d
2023-06-21,4046.4255134776486,4053.1966621199017,4041.2441776644014,4049.502467543831,1542,1950334,10856,rb9999,SHFE,1d
2023-06-22,4077.245292338268,4091.7851873123436,4075.677545648288,4079.9151116190646,1630,1798578,14299,rb9999,SHFE,1d
2023-06-23,4145.460125635616,4160.870033594808,4144.200467495371,4146.079097688669,1666,1776951,16264,rb9999,SHFE,1d
2023-06-26,4143.105220785778,4152.170701554692,4134.02925105059,4134.890173825667,590,1666209,12302,rb9999,SHFE,1d
2023-06-27,4165.800623256253,4172.57699807464,4121.076933774151,4168.616396213076,1761,1638085,13930,rb9999,SHFE,1d
2023-06-28,4188.2614100943,4192.838680783619,4175.3339196909765,4189.500786206873,1041,1817919,10393,rb9999,SHFE,1d
2023-06-29,4200.781369110337,4211.667337121629,4198.519770310785,4209.420777600159,791,1016115,10700,rb9999,SHFE,1d
2023-06-30,4188.263493005478,4192.515539602462,4177.675217836772,4185.749652756013,1390,1512324,12291,rb9999,SHFE,1d
2023-07-03,4137.674468518882,4155.467018336244,4126.299310453286,4144.211750345829,1035,1846556,14497,rb9999,SHFE,1d
2023-07-04,4095.157466235756,4099.962024045982,4086.003480167726,4098.873461969055,1865,1086552,13331,rb9999,SHFE,1d
2023-07-05,4072.225235690707,4071.194171515185,4066.100935539109,4067.985031014592,1513,1074940,17570,rb9999,SHFE,1d
2023-07-06,4072.501856439042,4088.9529633146094,4065.3278794246694,4081.092263568362,1604,1106027,17759,rb9999,SHFE,1d
2023-07-07,4112.660217479376,4146.572393040476,4104.335008928245,4112.265767251103,1143,1532580,13433,rb9999,SHFE,1d
2023-07-10,4128.89350961658,4130.582030691454,4120.744890527806,4125.589202914004,846,1065207,10771,rb9999,SHFE,1d
2023-07-11,4109.262523033504,4107.260651357732,4080.44236078465,4103.003619809572,1877,1050888,16145,rb9999,SHFE,1d
2023-07-12,4173.931845334184,4190.405975930221,4169.883317217356,4177.775788045579,1438,1462501,14286,rb9999,SHFE,1d
2023-07-13,4239.067998449767,4248.41171977393,4234.381646768988,4241.714933976202,971,1702264,12685,rb9999,SHFE,1d
2023-07-14,4234.3526623188745,4233.298615353778,4216.525384520979,4226.725804747724,1757,1387495,19587,rb9999,SHFE,1d
2023-07-17,4191.959465087963,4207.187600179752,4183.822874796425,4192.0645188309,541,1869922,12191,rb9999,SHFE,1d
2023-07-18,4194.436281710662,4217.2109456399585,4178.492223818044,4197.526769284017,1922,1622667,14432,rb9999,SHFE,1d
2023-07-19,4248.01039292236,4271.836552614543,4244.901766739746,4251.060468602118,1169,1131236,17214,rb9999,SHFE,1d
2023-07-20,4261.08189518876,4297.934505388943,4261.341718098754,4265.23007166643,958,1591605,10622,rb9999,SHFE,1d
2023-07-21,4287.148564920039,4295.1777541105885,4286.965329713906,4289.034334104862,1010,1873879,17649,rb9999,SHFE,1d
2023-07-24,4284.605310450396,4290.400680507045,4243.345142850317,4279.947783634112,746,1722964,17637,rb9999,SHFE,1d
2023-07-25,4303.337526644196,4318.734019699803,4293.217619794438,4299.520558181508,811,1101995,16123,rb9999,SHFE,1d
2023-07-26,4361.3166800235,4375.542334995233,4364.472917198896,4366.444065618704,1103,1996934,12617,rb9999,SHFE,1d
2023-07-27,4356.926328130353,4369.815714079038,4354.259083299952,4355.9915929929675,826,1242023,19200,rb9999,SHFE,1d
2023-07-28,4360.484224187762,4366.973515437554,4348.66549630739,4362.238540883687,1782,1947399,19387,rb9999,SHFE,1d
2023-07-31,4376.746550257793,4375.705007931918,4353.404282483517,4373.324684324511,838,1051829,12239,rb9999,SHFE,1d
2023-08-01,4385.064779895184,4388.814452417464,4383.36659824668,4385.750534652478,1378,1660737,11422,rb9999,SHFE,1d
2023-08-02,4325.870265750023,4330.840595072879,4287.503248872901,4324.263695056698,1728,1499027,13359,rb9999,SHFE,1d
2023-08-03,4243.186744514213,4247.591414010687,4237.068721172559,4243.859842782881,810,1817237,15977,rb9999,SHFE,1d
2023-08-04,4191.619453221218,4201.171768045473,4190.1210484422245,4200.806979062452,1268,1737374,18245,rb9999,SHFE,1d
2023-08-07,4208.065618231508,4208.326168057439,4190.419104078159,4207.867838153326,1019,1844887,10453,rb9999,SHFE,1d
2023-08-08,4225.856968461544,4244.595361063049,4223.5460195670485,4231.23803252214,1658,1965826,18661,rb9999,SHFE,1d
2023-08-09,4211.987949063976,4212.929279922597,4200.762819825065,4208.843402577611,1523,1949514,17479,rb9999,SHFE,1d
2023-08-10,4264.310057826512,4290.299872013783,4245.244685628305,4267.211026905358,1882,1880490,15394,rb9999,SHFE,1d
2023-08-11,4258.527754684743,4283.245999127671,4252.433909907721,4261.105777609062,891,1902511,14893,rb9999,SHFE,1d
2023-08-14,4261.933608139034,4280.8486671196915,4243.119935025348,4261.9715517259665,1697,1216762,13818,rb9999,SHFE,1d
2023-08-15,4256.170648336843,4260.994782859518,4247.027828532714,4253.712878752493,628,1525732,13094,rb9999,SHFE,1d
2023-08-16,4258.694806073026,4268.049574432024,4257.680198316321,4259.4178159147,1589,1325810,19590,rb9999,SHFE,1d
2023-08-17,4296.57444543371,4294.812943900535,4279.163805219629,4289.530252752475,1590,1700688,18249,rb9999,SHFE,1d
2023-08-18,4325.298793433109,4330.6696676731635,4306.082585033201,4318.178902928868,1966,1453339,19788,rb9999,SHFE,1d
2023-08-21,4286.89859206605,4296.514647204381,4273.51951410691,4279.557146193358,1938,1849324,16405,rb9999,SHFE,1d
2023-08-22,4344.244325056801,4351.059565387444,4336.645116323751,4345.262501424008,1446,1381290,16616,rb9999,SHFE,1d
2023-08-23,4291.570926620452,4302.453250701462,4285.594438931311,4297.94029558532,1464,1623724,12193,rb9999,SHFE,1d
2023-08-24,4306.594755378501,4303.3863636701335,4298.567636620846,4301.346774596528,1669,1187440,19402,rb9999,SHFE,1d
2023-08-25,4287.774266631704,4297.422107588608,4276.448514253306,4289.560204798982,842,1685659,18353,rb9999,SHFE,1d
2023-08-28,4244.960268548442,4260.705513940285,4227.132630231612,4244.798260253657,1786,1871179,17916,rb9999,SHFE,1d
2023-08-29,4244.275829530613,4246.073545779102,4226.017054528809,4241.610740234038,1026,1355536,11144,rb9999,SHFE,1d
2023-08-30,4203.549241999398,4223.775812744526,4210.033395944264,4210.304407648267,1738,1548105,16528,rb9999,SHFE,1d
2023-08-31,4220.239242576687,4225.091553775519,4190.125549496621,4213.375143783927,1059,1529943,13870,rb9999,SHFE,1d
2023-09-01,4234.094377081278,4236.084034794784,4229.723151209403,4230.392942619182,1361,1052294,19024,rb9999,SHFE,1d
2023-09-04,4294.634213787995,4317.328317770567,4273.887800986192,4293.121868955192,1130,1922642,10710,rb9999,SHFE,1d
2023-09-05,4310.175139805215,4314.832365609255,4289.747684265115,4306.338550657202,1109,1104301,18874,rb9999,SHFE,1d
2023-09-06,4282.481207299131,4289.465726262313,4278.344847327949,4280.097396185756,1916,1087717,13519,rb9999,SHFE,1d
2023-09-07,4263.866546452405,4277.664825564311,4235.842686456577,4263.368465148645,1298,1450793,12653,rb9999,SHFE,1d
2023-09-08,4268.026432971092,4277.082064760003,4267.48076975823,4269.3404263268085,563,1281920,19826,rb9999,SHFE,1d
2023-09-11,4270.173851833599,4291.510783495208,4270.368108539138,4273.33245250162,1396,1341653,14931,rb9999,SHFE,1d
2023-09-12,4337.408380621425,4345.696165487136,4322.164371995155,4336.162972691343,1492,1010064,14624,rb9999,SHFE,1d
2023-09-13,4398.680090647199,4408.356469026588,4349.768227981906,4397.091847617742,1044,1996004,11713,rb9999,SHFE,1d
2023-09-14,4386.083255795815,4388.9063542621925,4366.236641989317,4381.3373963738895,1110,1396132,15143,rb9999,SHFE,1d
2023-09-15,4358.239703102198,4382.917819046203,4351.161379763357,4357.365354132246,1370,1989361,17296,rb9999,SHFE,1d
2023-09-18,4243.733763749923,4250.411507633392,4222.813224541372,4247.357615705706,1260,1815156,13466,rb9999,SHFE,1d
2023-09-19,4217.448699130751,4233.84854243647,4202.332267371046,4224.106875138258,1486,1991859,17142,rb9999,SHFE,1d
2023-09-20,4182.460461863176,4199.882087062263,4176.150605476491,4182.994053628331,892,1116313,10311,rb9999,SHFE,1d
2023-09-21,4168.06361715574,4172.248946715728,4163.029716356955,4168.178068559256,1833,1386924,14755,rb9999,SHFE,1d
2023-09-22,4184.121528505939,4187.920436153967,4179.23293808855,4184.531995872664,1116,1693411,18569,rb9999,SHFE,1d
2023-09-25,4185.537400080162,4202.973800707014,4182.221964067065,4191.953238576915,1386,1397158,12537,rb9999,SHFE,1d
2023-09-26,4195.199939988466,4208.615064624775,4185.998425248726,4190.6971819519185,1150,1867919,14315,rb9999,SHFE,1d
2023-09-27,4203.573462580345,4213.07375421057,4194.701708114604,4199.069415818438,813,1251399,11478,rb9999,SHFE,1d
2023-09-28,4190.324306654557,4196.053662763832,4178.007062651111,4193.776981026738,1554,1739190,12489,rb9999,SHFE,1d
2023-09-29,4205.434435641255,4218.849139640433,4189.52985911993,4202.047660394793,737,1688522,19659,rb9999,SHFE,1d
2023-10-02,4072.3237065281314,4080.5173357077815,4055.11648630258,4068.447164510136,670,1969569,17596,rb9999,SHFE,1d
2023-10-03,4057.661839149718,4065.0159243758894,4045.051029808631,4057.505839911693,502,1064533,11155,rb9999,SHFE,1d
2023-10-04,4049.1662824725627,4067.4419503936906,4031.2588453797466,4053.010557418224,1323,1741435,14908,rb9999,SHFE,1d
2023-10-05,4045.7195329459446,4044.203326151712,4037.055641452921,4039.202757799336,750,1131089,10986,rb9999,SHFE,1d
2023-10-06,4031.9443218217134,4038.0568370441906,4028.4465674665544,4030.409052626698,845,1640526,16928,rb9999,SHFE,1d
2023-10-09,4057.8363178010864,4063.4420225764575,4058.662921284141,4058.8552424922354,1460,1407441,19031,rb9999,SHFE,1d
2023-10-10,4037.76962889394,4043.5012967983,4023.0765053627138,4034.6514670844585,875,1958003,13814,rb9999,SHFE,1d
2023-10-11,4131.117021614848,4135.082522557578,4121.922643582237,4124.426342195027,642,1181358,19206,rb9999,SHFE,1d
2023-10-12,4150.8479019130245,4154.66913204607,4147.207342127886,4152.912564532794,1399,1709600,18442,rb9999,SHFE,1d
2023-10-13,4155.521874451189,4164.287618789756,4150.1674247099445,4152.650638177379,1087,1343746,14257,rb9999,SHFE,1d
2023-10-16,4152.130142874011,4147.888511743359,4131.881431040923,4144.077536460765,969,1932814,13863,rb9999,SHFE,1d
2023-10-17,4135.870407050428,4155.130700589745,4125.518113200656,4140.493536529697,1604,1517712,12460,rb9999,SHFE,1d
2023-10-18,4100.514760910987,4117.951274342245,4090.2055222243443,4102.768221080135,1290,1562043,11492,rb9999,SHFE,1d
2023-10-19,4096.413613489815,4111.8625870074,4074.8034193403273,4098.864140240716,1998,1229348,10992,rb9999,SHFE,1d
2023-10-20,4109.652158085562,4111.402400022846,4085.305111813811,4110.302930580966,1090,1379406,14845,rb9999,SHFE,1d
2023-10-23,4133.324934238512,4161.053288725798,4119.8091805549975,4134.193006188887,1244,1106415,18754,rb9999,SHFE,1d
2023-10-24,4159.478873721589,4166.63960406382,4134.707933010891,4158.22809767396,1954,1851577,19147,rb9999,SHFE,1d
2023-10-25,4143.411812721993,4160.0828903919655,4136.750694985967,4146.81375721497,1457,1717457,13165,rb9999,SHFE,1d
2023-10-26,4085.959522919919,4089.4391878186975,4080.993206328451,4088.505285885536,1457,1846709,14287,rb9999,SHFE,1d
2023-10-27,4062.463919768048,4063.9294341245377,4043.385599770625,4061.24030671047,1759,1435995,15655,rb9999,SHFE,1d
2023-10-30,4127.88533951696,4134.287298038627,4121.489719786779,4127.245980166594,1740,1339573,19956,rb9999,SHFE,1d
2023-10-31,4168.0347127425775,4172.056456784566,4160.7495720803245,4164.394699418442,750,1930851,18148,rb9999,SHFE,1d
2023-11-01,4181.526628174801,4181.777347682241,4157.360211565802,4179.81559965582,1757,1022715,16881,rb9999,SHFE,1d
2023-11-02,4151.317430992665,4151.84069720355,4145.5275030524335,4148.1157218288545,1947,1794899,14717,rb9999,SHFE,1d
2023-11-03,4143.52565968326,4163.950574491491,4127.747989023276,4148.266929831273,614,1225705,19975,rb9999,SHFE,1d
2023-11-06,4094.933439408628,4117.5150046175795,4092.6501756859816,4096.504105901384,1486,1409618,13926,rb9999,SHFE,1d
2023-11-07,4081.4864903664375,4085.7113299855637,4064.6692278288356,4073.956271273839,653,1722667,19209,rb9999,SHFE,1d
2023-11-08,4065.5724285793317,4073.9436113081765,4063.268589191511,4063.9790316193876,1889,1309000,10275,rb9999,SHFE,1d
2023-11-09,4052.335028419494,4059.6061704197236,4041.6018537739515,4049.3086036699824,678,1387974,14485,rb9999,SHFE,1d
2023-11-10,4089.3452360922806,4097.168164392004,4071.8458830486666,4088.2302336940334,1271,1531739,15158,rb9999,SHFE,1d
2023-11-13,4032.3533244400123,4036.545559833419,4016.8974720305578,4030.638949168597,1567,1894257,19326,rb9999,SHFE,1d
2023-11-14,3994.984335334439,4009.0519360873063,3993.5863154560807,3995.9070064517587,1680,1360779,17562,rb9999,SHFE,1d
2023-11-15,3955.4284454237313,3952.182918026609,3933.2250920731385,3941.35159597262,1456,1999674,17134,rb9999,SHFE,1d
2023-11-16,3891.3414448000917,3904.7907438545726,3876.330603607417,3892.8836337068365,1578,1569233,13865,rb9999,SHFE,1d
2023-11-17,3897.56661696027,3898.9720355632094,3892.198082365357,3897.715982183124,623,1017844,10590,rb9999,SHFE,1d
2023-11-20,3826.530621242994,3841.0363257178415,3818.6687013635074,3835.831885737871,1329,1995821,14877,rb9999,SHFE,1d
2023-11-21,3869.1338616648713,3867.6410299986005,3862.6944519112176,3864.858297793694,932,1925033,14981,rb9999,SHFE,1d
2023-11-22,3853.2018621507664,3870.433245260883,3846.140136425472,3855.3309800565144,1245,1897390,12737,rb9999,SHFE,1d
2023-11-23,3857.749367616847,3865.8001961440914,3847.2847155539785,3857.983910299681,1716,1817133,15879,rb9999,SHFE,1d
2023-11-24,3868.4052088185663,3872.2640418448595,3854.098130330218,3870.4489628210545,1699,1368344,14901,rb9999,SHFE,1d
2023-11-27,3853.1467557378855,3858.2273530309344,3846.528183586945,3853.681195596241,899,1431823,13179,rb9999,SHFE,1d
2023-11-28,3892.569018928435,3896.608599138626,3885.1710875233825,3893.6757849725045,1281,1158622,12793,rb9999,SHFE,1d
2023-11-29,3885.948792215617,3898.694213402162,3885.8979119577652,3886.1160575516233,962,1444582,13926,rb9999,SHFE,1d
2023-11-30,3909.064612122966,3920.165435385787,3908.2662237271747,3909.27102742931,1457,1756732,19738,rb9999,SHFE,1d
2023-12-01,3900.8932976540004,3910.040500345759,3899.5625697474875,3901.4949288947714,1680,1980088,17132,rb9999,SHFE,1d
2023-12-04,3912.203019182758,3919.4765763826786,3908.094744746632,3912.8598992505085,599,1318808,19799,rb9999,SHFE,1d
2023-12-05,3928.952411760911,3942.0393310995587,3901.4515246986193,3923.8180234736265,1109,1492002,16102,rb9999,SHFE,1d
2023-12-06,3937.105833884493,3947.50947744196,3922.1168318378527,3933.6386582149235,847,1898516,18651,rb9999,SHFE,1d
2023-12-07,3898.9560391725527,3897.9841382452146,3889.2818319897847,3895.499008500942,1352,1585740,16278,rb9999,SHFE,1d
2023-12-08,3909.649885810877,3914.5454161228554,3912.1856403145093,3912.5156034869838,1082,1519892,17035,rb9999,SHFE,1d
2023-12-11,3904.957914015269,3918.711412519945,3887.393215435855,3900.0562420848364,1199,1959280,13086,rb9999,SHFE,1d
2023-12-12,3929.1647011983973,3926.8343281701973,3922.52995910101,3924.723309614959,677,1772437,11639,rb9999,SHFE,1d
2023-12-13,3839.020908815841,3842.9859265283803,3836.7530572319943,3841.146615980686,1562,1334439,10911,rb9999,SHFE,1d
2023-12-14,3791.047817389857,3798.289816700666,3776.6551345626413,3785.2796114183316,1830,1162245,15860,rb9999,SHFE,1d
2023-12-15,3796.4664551140963,3802.7867271286223,3784.584499347435,3799.062072881355,594,1049644,16472,rb9999,SHFE,1d
2023-12-18,3863.369610368884,3875.5256949827117,3865.3147591124944,3870.4991931131194,1283,1215725,12041,rb9999,SHFE,1d
2023-12-19,3907.2546678816,3906.441926908411,3897.9880518999935,3902.95546101849,1616,1965934,11419,rb9999,SHFE,1d
2023-12-20,3875.9470827513264,3879.5386636101316,3867.1044329799715,3876.4103865931784,1324,1572436,14068,rb9999,SHFE,1d
2023-12-21,3815.0947013583996,3827.341994022985,3805.090666433836,3811.3712905540556,1956,1848709,18919,rb9999,SHFE,1d
2023-12-22,3836.887222230187,3844.58397229413,3832.5935720474035,3839.783195020263,1298,1737192,18624,rb9999,SHFE,1d
2023-12-25,3831.849199714499,3853.2058688208817,3832.292468468538,3836.690220378936,1755,1576170,10531,rb9999,SHFE,1d
2023-12-26,3864.1750920115637,3868.9600695863105,3839.061451869412,3859.4207804317207,1207,1118553,11564,rb9999,SHFE,1d
2023-12-27,3858.4357022792174,3869.6021879005702,3860.637769698264,3863.8732095800065,1087,1759556,17152,rb9999,SHFE,1d
2023-12-28,3858.985332211615,3865.7923121609674,3848.4101892073836,3865.0187443988993,671,1309798,15003,rb9999,SHFE,1d
2023-12-29,3973.412681912787,3988.9544587408973,3964.7257720098683,3981.078594665778,1568,1949792,10385,rb9999,SHFE,1d
2024-01-01,3969.710231666248,3992.1189088320684,3980.6672046192857,3980.834563578313,1447,1915239,10651,rb9999,SHFE,1d
2024-01-02,3970.3703993718864,3993.3401617806503,3959.360385032866,3974.500320075763,594,1788627,18402,rb9999,SHFE,1d
2024-01-03,3961.0644247503656,3974.226551808091,3957.406134184496,3969.6762720472643,1631,1607906,11178,rb9999,SHFE,1d
2024-01-04,3946.4386890628293,3952.948076794961,3945.491501515966,3946.579208928114,564,1931756,15474,rb9999,SHFE,1d
2024-01-05,3976.935658615813,3987.1390631062764,3982.7003714920766,3985.8496820004248,1577,1089884,13921,rb9999,SHFE,1d
2024-01-08,3967.428269278762,3983.8561221180075,3967.831670426978,3971.7744765153743,1640,1362797,11463,rb9999,SHFE,1d
2024-01-09,4006.434686697352,4001.3275334428395,3994.8613245274373,3997.113170976768,1240,1610364,12712,rb9999,SHFE,1d
2024-01-10,4009.8887119606757,4009.0445301608825,3990.681499495631,4008.5052796200575,1918,1923203,11235,rb9999,SHFE,1d
2024-01-11,4057.8816911611607,4073.8269006507535,4045.105938851807,4057.667423292294,679,1565939,19918,rb9999,SHFE,1d
2024-01-12,4068.14861973726,4088.595237445543,4042.5061373879785,4074.7527833802374,1054,1804270,18023,rb9999,SHFE,1d
2024-01-15,4024.620426940416,4026.7937388477135,4006.2786458039213,4025.609107141152,745,1618542,10025,rb9999,SHFE,1d
2024-01-16,3972.753614539525,3985.7083038070546,3963.1277171232273,3972.5625002656675,1000,1118886,12603,rb9999,SHFE,1d
2024-01-17,4022.439556900682,4039.873704865709,4015.339340957271,4028.906680532291,1364,1428933,17206,rb9999,SHFE,1d
2024-01-18,4004.9620654841956,4006.396352717304,3996.625104494579,4004.456780401088,1581,1986620,19350,rb9999,SHFE,1d
2024-01-19,3956.629132784026,3956.2703050081655,3949.3524880225445,3951.921475654454,899,1126261,19744,rb9999,SHFE,1d
2024-01-22,3924.1799732505333,3945.0699490956754,3921.0678927593494,3925.5470768909468,1878,1512175,19843,rb9999,SHFE,1d
2024-01-23,3974.721652859123,3995.543916175504,3961.9031655422846,3975.505767179212,1669,1129514,11573,rb9999,SHFE,1d
2024-01-24,3911.440274075572,3920.1997213612744,3918.4341496395446,3919.444156939192,827,1580545,14136,rb9999,SHFE,1d
2024-01-25,3880.1921721024173,3898.057957829088,3878.704416230366,3885.62907590628,1587,1594123,18929,rb9999,SHFE,1d
2024-01-26,3863.8880990571743,3861.158099103635,3850.8392801961168,3859.805601579918,1734,1272460,12469,rb9999,SHFE,1d
2024-01-29,3809.291262985878,3816.1843364653837,3807.464174711634,3811.8129703210375,1759,1372182,16493,rb9999,SHFE,1d
2024-01-30,3763.4327401828264,3771.510565024283,3763.402345068321,3766.9349033886942,1888,1631862,14174,rb9999,SHFE,1d
2024-01-31,3707.6110411344657,3716.0851952376447,3695.451896074496,3710.1806496095887,627,1814488,16722,rb9999,SHFE,1d
2024-02-01,3692.896930809131,3695.309812409034,3693.0742059850254,3693.109159489118,1773,1633124,11122,rb9999,SHFE,1d
2024-02-02,3675.762220909263,3682.0057618155474,3675.270703408201,3680.0252206772825,1411,1697988,16229,rb9999,SHFE,1d
2024-02-05,3655.4555852591766,3659.575309603719,3653.387722327217,3654.9931682941788,1710,1993242,10428,rb9999,SHFE,1d
2024-02-06,3590.1583578305354,3602.066883224238,3582.5349867980567,3595.0476502344777,1837,1728425,16973,rb9999,SHFE,1d
2024-02-07,3643.20688357907,3641.9018200206956,3633.383158533417,3640.389222313443,792,1840959,11148,rb9999,SHFE,1d
2024-02-08,3588.5283998767054,3609.280455908524,3589.09009084189,3592.3256884998195,953,1819159,15171,rb9999,SHFE,1d
2024-02-09,3607.0835014918443,3616.052599144634,3595.4946315734533,3602.327462668464,523,1168240,14370,rb9999,SHFE,1d
2024-02-12,3563.782409205642,3569.7388197710297,3561.633722822385,3563.8181637557695,1704,1153114,13117,rb9999,SHFE,1d
2024-02-13,3584.6815961071857,3610.9579147288728,3585.4154906617377,3587.7155277538977,1272,1058162,16190,rb9999,SHFE,1d
2024-02-14,3625.473954166577,3638.301966142878,3610.9378310956963,3622.1724866239065,1489,1008670,13071,rb9999,SHFE,1d
2024-02-15,3585.5877299482922,3601.1463582362308,3567.637883868452,3590.5228924583243,1911,1483501,18408,rb9999,SHFE,1d
2024-02-16,3520.1847419884893,3527.1373244437755,3516.2420864167048,3522.111568225384,1308,1736469,18840,rb9999,SHFE,1d
2024-02-19,3546.7031603224755,3549.202191674306,3537.2168135156116,3546.703428192964,1868,1152103,11549,rb9999,SHFE,1d
2024-02-20,3613.4225269038966,3620.695757073514,3607.430590186887,3613.8604068169207,741,1366866,10953,rb9999,SHFE,1d
2024-02-21,3621.62531010624,3634.5523932138103,3615.4187072260097,3628.9142946243846,1972,1442407,17566,rb9999,SHFE,1d
2024-02-22,3631.3986778516924,3645.1911407217026,3623.888791307469,3634.744993263021,769,1013890,16888,rb9999,SHFE,1d
2024-02-23,3665.2801864525964,3677.962300644149,3662.927066764596,3664.6636641708515,794,1981378,13671,rb9999,SHFE,1d
2024-02-26,3687.9337672230063,3701.8209620614025,3683.562940464719,3692.807873165135,1580,1505485,10561,rb9999,SHFE,1d
2024-02-27,3666.959518550374,3680.6007721205165,3651.9565216982555,3662.3214473682942,1348,1415189,16351,rb9999,SHFE,1d
2024-02-28,3640.062190493881,3640.808183254116,3637.520242795002,3638.2605933796162,1010,1327998,17478,rb9999,SHFE,1d
2024-02-29,3658.6805293938005,3678.85053008277,3643.8765799607722,3660.5629387096246,1260,1460549,17626,rb9999,SHFE,1d
2024-03-01,3654.489799684287,3659.3094434424534,3646.640148183856,3655.295033638646,987,1756950,16335,rb9999,SHFE,1d
2024-03-04,3710.6338089537708,3709.512573493554,3701.5471606570422,3703.739061193419,1765,1831717,12855,rb9999,SHFE,1d
2024-03-05,3681.1860471497566,3700.4511366074485,3673.6705242785656,3677.7437215011482,787,1260450,19514,rb9999,SHFE,1d
2024-03-06,3706.861979353254,3709.5485658062894,3703.284199291561,3705.453095146076,1859,1852793,17763,rb9999,SHFE,1d
2024-03-07,3712.9080197812086,3732.1464805975247,3713.641634229942,3718.1711608510805,1094,1089417,15241,rb9999,SHFE,1d
2024-03-08,3719.5244841656618,3716.3601046555177,3710.470413082341,3713.472966587824,1480,1395048,12790,rb9999,SHFE,1d
2024-03-11,3761.352137279442,3760.883699330845,3757.3594192086707,3757.3978477682663,1296,1021010,10357,rb9999,SHFE,1d
2024-03-12,3782.4765043189655,3785.431715494935,3777.3113545891333,3783.037927528754,1767,1995795,14113,rb9999,SHFE,1d
2024-03-13,3743.151301543656,3749.516317714433,3724.7046930696565,3745.2100362693745,1396,1256186,16311,rb9999,SHFE,1d
2024-03-14,3768.5562292865447,3782.5441145198624,3767.081020408645,3769.264488930306,1383,1179112,10727,rb9999,SHFE,1d
2024-03-15,3816.85632936424,3825.7448669765886,3816.4112320404274,3821.449469655899,1228,1487405,15843,rb9999,SHFE,1d
2024-03-18,3814.671103680197,3820.318234178007,3800.642779888455,3816.467841621487,1487,1776248,19634,rb9999,SHFE,1d
2024-03-19,3809.8951041037208,3813.935710807169,3805.4837284377013,3806.9897598412194,1598,1551800,14515,rb9999,SHFE,1d
2024-03-20,3774.7458619632434,3785.495939512163,3765.7589171340737,3781.5815291970475,805,1267182,11160,rb9999,SHFE,1d
2024-03-21,3779.879585869201,3804.5190830312713,3772.514255382214,3781.067122159561,781,1776704,12049,rb9999,SHFE,1d
2024-03-22,3807.5351350729575,3807.873013546811,3800.930068050407,3807.1020544748976,1984,1015709,15202,rb9999,SHFE,1d
2024-03-25,3776.4905927795458,3791.12273724288,3775.1419340336665,3776.0995095646026,984,1647747,15704,rb9999,SHFE,1d
2024-03-26,3721.2081722780063,3731.4151702726554,3722.478841583233,3725.600420289448,1596,1406060,13282,rb9999,SHFE,1d
2024-03-27,3707.240036145627,3720.552848383188,3707.6962415015723,3711.627747619005,1256,1448105,10894,rb9999,SHFE,1d
2024-03-28,3664.7563366697395,3663.9517780017686,3640.2343372468526,3660.7691536344296,1983,1754784,16264,rb9999,SHFE,1d
2024-03-29,3675.4669343968385,3684.430128789004,3660.8963200510275,3679.9731686025757,1447,1107751,13280,rb9999,SHFE,1d
2024-04-01,3668.000555809264,3671.4341474624175,3654.063601247597,3664.3045515191684,743,1901507,10108,rb9999,SHFE,1d
2024-04-02,3598.805781896823,3617.214265185731,3590.723544408997,3600.5425587427326,972,1836297,10401,rb9999,SHFE,1d
2024-04-03,3591.886972567267,3594.197896470499,3584.73971050062,3588.012649603392,696,1912600,11810,rb9999,SHFE,1d
2024-04-04,3579.6003234256914,3589.5622079982727,3580.9625767520843,3581.108251135773,1912,1349502,18676,rb9999,SHFE,1d
2024-04-05,3593.032393510466,3600.1753772693046,3587.950975040552,3597.228457339658,1618,1268838,17258,rb9999,SHFE,1d
2024-04-08,3595.079945113221,3606.1297236582614,3574.529567670628,3592.003197330367,913,1422357,19270,rb9999,SHFE,1d
2024-04-09,3659.695377506159,3660.5067189497277,3646.965330996402,3659.759025188675,1360,1008026,13819,rb9999,SHFE,1d
2024-04-10,3646.098876382884,3642.4538316899166,3624.909724438252,3640.8248627354583,1154,1615261,18533,rb9999,SHFE,1d
2024-04-11,3641.8000674743134,3642.4292407388025,3623.4520270479816,3638.5537495092226,1816,1855832,13218,rb9999,SHFE,1d
2024-04-12,3633.9772950724414,3644.2730628197273,3634.392724254171,3634.8112175569327,1072,1938430,14463,rb9999,SHFE,1d
2024-04-15,3622.922868962647,3630.7489638358693,3618.052542547495,3624.5527128881527,1671,1840189,14924,rb9999,SHFE,1d
2024-04-16,3629.8035162817055,3632.186306382206,3619.0845735833054,3629.718681250651,653,1120970,19449,rb9999,SHFE,1d
2024-04-17,3650.111269403237,3660.3131182995667,3639.07298346241,3649.417113708863,1173,1450104,12035,rb9999,SHFE,1d
2024-04-18,3695.3907857841727,3706.0140035588074,3694.214843604385,3698.652066794963,1910,1612745,19721,rb9999,SHFE,1d
2024-04-19,3644.129333947734,3649.6884163662494,3631.5153107540077,3641.063778264906,1228,1375454,18745,rb9999,SHFE,1d
2024-04-22,3621.08974305556,3631.4218831610374,3613.714527632845,3622.5292039092105,948,1378164,15960,rb9999,SHFE,1d
2024-04-23,3604.819230919927,3613.4274219056592,3602.152189029155,3606.344814835192,1986,1984951,13268,rb9999,SHFE,1d
2024-04-24,3638.357745959412,3640.95626440068,3634.728960494842,3640.3260277868703,1951,1623827,19030,rb9999,SHFE,1d
2024-04-25,3628.20344012347,3636.0308309302227,3621.6220998500676,3627.3654560681534,627,1299138,18829,rb9999,SHFE,1d
2024-04-26,3556.804633663343,3571.3944879253827,3555.2237550368955,3559.267834228242,787,1721460,11124,rb9999,SHFE,1d
2024-04-29,3562.872582937806,3569.4329258843904,3555.5984645882136,3562.3917665292493,1359,1932179,15422,rb9999,SHFE,1d
2024-04-30,3571.044230498606,3563.1504654900236,3543.4836992089563,3561.1918262553054,1448,1981703,13222,rb9999,SHFE,1d
2024-05-01,3567.407623938827,3572.4609952692026,3553.3213581136297,3567.598880988588,505,1415655,17472,rb9999,SHFE,1d
2024-05-02,3529.1500375723353,3531.3948647383836,3521.4667015115156,3530.6823704505387,1360,1383202,18677,rb9999,SHFE,1d
2024-05-03,3585.9105253912726,3603.54343716351,3581.180918189065,3591.9006994963993,1216,1763299,13362,rb9999,SHFE,1d
2024-05-06,3580.466603086591,3582.7428222225667,3579.093106537921,3580.2867941925797,927,1426439,19823,rb9999,SHFE,1d
2024-05-07,3569.58767575366,3577.011720232478,3554.6493666142946,3573.5515697321052,1373,1421850,10499,rb9999,SHFE,1d
2024-05-08,3540.203546032817,3546.367400002804,3537.314995484127,3541.5335977290547,1209,1927967,11037,rb9999,SHFE,1d
2024-05-09,3509.2468053975754,3517.0962587119243,3488.5096451249838,3508.7148575812234,1635,1521989,19344,rb9999,SHFE,1d
2024-05-10,3460.0739928273356,3474.357266434366,3452.264193063377,3466.073729886074,1409,1320507,18174,rb9999,SHFE,1d
2024-05-13,3453.011694726994,3457.976254716601,3446.7746228115516,3452.4680596037615,1613,1770784,12804,rb9999,SHFE,1d
2024-05-14,3420.606947333289,3442.280875647306,3416.7705333110603,3419.5656377032433,1615,1565863,15041,rb9999,SHFE,1d
2024-05-15,3486.088269500776,3499.9261785008052,3481.004006493705,3490.615947514946,1033,1799491,14298,rb9999,SHFE,1d
2024-05-16,3423.9706963430735,3428.047871094979,3423.9658606009716,3425.314478699,1053,1946769,14388,rb9999,SHFE,1d
2024-05-17,3380.6825823118565,3394.1385802679474,3384.1107564505937,3386.882834790144,1789,1082270,16981,rb9999,SHFE,1d
2024-05-20,3378.629309349567,3378.4351697330544,3371.4730809865773,3373.314648963234,1761,1603432,18400,rb9999,SHFE,1d
2024-05-21,3397.2329354727894,3403.3046578405642,3390.2739939185917,3396.1103061224762,1359,1568690,19982,rb9999,SHFE,1d
2024-05-22,3381.4803117347333,3390.216905987848,3373.5738375290657,3382.087695794201,840,1303125,14180,rb9999,SHFE,1d
2024-05-23,3404.4703098239165,3408.899430173403,3403.06093363149,3405.02681320954,1912,1599740,13582,rb9999,SHFE,1d
2024-05-24,3375.405885093307,3372.899403105727,3363.3948601056663,3371.5911198717167,1470,1224933,12217,rb9999,SHFE,1d
2024-05-27,3373.2730911886465,3378.6808573027947,3361.7698003988885,3373.5907672251965,1928,1292195,16597,rb9999,SHFE,1d
2024-05-28,3434.079316469106,3440.6004686307565,3427.838212852948,3432.9436411377733,620,1645319,11353,rb9999,SHFE,1d
2024-05-29,3405.044917675469,3408.5587484372686,3388.336201630234,3399.8817567379397,711,1105334,10488,rb9999,SHFE,1d
2024-05-30,3412.9946530074403,3419.781777792366,3398.2639583318173,3414.176528759177,1334,1682869,19296,rb9999,SHFE,1d
2024-05-31,3417.510536980447,3428.614303612228,3417.0546851556624,3421.2487141794827,1005,1686958,18310,rb9999,SHFE,1d
2024-06-03,3342.3207967433946,3353.487694283279,3334.926731885219,3345.0788161499063,593,1841332,19982,rb9999,SHFE,1d
2024-06-04,3330.186120524266,3332.8196377485633,3317.0118514948317,3325.4351915323514,979,1460544,18398,rb9999,SHFE,1d
2024-06-05,3363.5719625606566,3367.3377453539747,3360.3607802089127,3363.264464979538,1135,1712259,11817,rb9999,SHFE,1d
2024-06-06,3366.118797408489,3369.9315304653646,3357.58976147041,3367.81055402274,1649,1881696,17798,rb9999,SHFE,1d
2024-06-07,3330.46963992635,3332.48156076825,3306.010857850118,3327.2301010381752,1869,1111945,14949,rb9999,SHFE,1d
2024-06-10,3353.636866814967,3352.9431172364275,3349.667019010304,3350.2934167555304,895,1064699,16310,rb9999,SHFE,1d
2024-06-11,3332.6938426480447,3341.9735169303885,3333.1194521544376,3334.2797853855386,1378,1363869,11094,rb9999,SHFE,1d
2024-06-12,3343.054123636176,3353.156388698573,3336.1321480148904,3346.306522213294,1660,1789823,14664,rb9999,SHFE,1d
2024-06-13,3353.6679083586087,3359.4437533873306,3348.222435007784,3358.943224762439,805,1362437,11832,rb9999,SHFE,1d
2024-06-14,3315.617736688793,3338.990926331486,3304.6202116049926,3321.5762755695487,593,1819916,11807,rb9999,SHFE,1d
2024-06-17,3347.0277420740067,3350.5300307549014,3345.9405990941477,3347.9148941628932,1130,1797663,13350,rb9999,SHFE,1d
2024-06-18,3311.3933394985606,3324.6500291428347,3308.061071948645,3314.3537067965176,1610,1544792,18066,rb9999,SHFE,1d
2024-06-19,3277.4364126988894,3284.2929662323363,3271.280977651159,3271.3566800237168,546,1080750,16390,rb9999,SHFE,1d
2024-06-20,3242.7931179996654,3247.6492630518524,3236.5367570380226,3242.603303282924,901,1405313,11166,rb9999,SHFE,1d
2024-06-21,3225.124510946302,3233.4394280265938,3229.0756102103237,3231.400373706157,1656,1339432,13993,rb9999,SHFE,1d
2024-06-24,3239.527062881424,3239.2404577439675,3226.5114587194316,3234.937562257402,1535,1756308,15901,rb9999,SHFE,1d
2024-06-25,3210.5603539008603,3212.9504758843914,3201.3548233189717,3210.0412571359257,1300,1965460,15536,rb9999,SHFE,1d
2024-06-26,3236.319456783798,3256.07336418136,3227.2723930944676,3234.0395252797603,1995,1691731,10147,rb9999,SHFE,1d
2024-06-27,3244.3934910808634,3244.0705635798427,3240.8298961470678,3242.182210060771,1881,1261572,12864,rb9999,SHFE,1d
2024-06-28,3220.688495459405,3221.6772483558548,3219.486613291271,3219.7336622969374,1065,1365240,15086,rb9999,SHFE,1d
2024-07-01,3250.1845439173594,3254.8414842220322,3246.5700481991416,3248.484473508068,1014,1477048,11528,rb9999,SHFE,1d
2024-07-02,3287.2060777138677,3287.2812590076633,3273.483538743677,3286.421409530541,1330,1332959,15732,rb9999,SHFE,1d
2024-07-03,3279.547350395707,3292.9055297318014,3271.4842989381345,3283.1798142689645,1055,1460811,15355,rb9999,SHFE,1d
2024-07-04,3277.3305779832267,3278.8559902452307,3274.6969542612346,3276.1291159511356,1136,1062129,19331,rb9999,SHFE,1d
2024-07-05,3221.825891953663,3225.879186612595,3210.2589598690047,3218.530420937679,1703,1937957,18528,rb9999,SHFE,1d
2024-07-08,3204.7678689458176,3209.704401126553,3194.12423818495,3205.441192423645,1519,1787761,12824,rb9999,SHFE,1d
2024-07-09,3197.8727451914215,3202.2981091066476,3193.35291932639,3196.1107222610426,1085,1121764,14306,rb9999,SHFE,1d
2024-07-10,3205.307297816719,3204.372925346641,3197.8299693200233,3203.9629497413903,1586,1156845,19780,rb9999,SHFE,1d
2024-07-11,3204.3786634875923,3200.706483938573,3194.0042460484688,3198.5711711391214,873,1037295,18188,rb9999,SHFE,1d
2024-07-12,3205.5756627475967,3208.9932110888763,3202.6663922308167,3206.386077792918,1563,1567002,14972,rb9999,SHFE,1d
2024-07-15,3255.0034206209,3261.855617479091,3248.396246589105,3255.9541727931446,1156,1753865,16097,rb9999,SHFE,1d
2024-07-16,3238.3673347859253,3251.824479403317,3236.7307510876653,3238.746046997094,1505,1043290,16351,rb9999,SHFE,1d
2024-07-17,3222.5536788722857,3229.904431776562,3213.233846640896,3222.883673396539,1522,1712566,14816,rb9999,SHFE,1d
2024-07-18,3173.73666497371,3190.4898376250367,3159.647855634954,3180.965784152715,1770,1712437,11432,rb9999,SHFE,1d
2024-07-19,3178.6463667021753,3187.7682530949105,3178.52378004772,3180.6903095977805,1804,1107377,12160,rb9999,SHFE,1d
2024-07-22,3212.8751501449647,3212.9150038438956,3190.551560858291,3211.911945717384,1227,1362678,10463,rb9999,SHFE,1d
2024-07-23,3156.132613248522,3160.9424227870213,3132.457552114182,3156.1586721188924,593,1720534,18617,rb9999,SHFE,1d
2024-07-24,3132.7068827768803,3142.517199831699,3127.2872987585724,3135.212981269556,500,1558114,11312,rb9999,SHFE,1d
2024-07-25,3134.255021328175,3144.2163065449704,3132.4069895338694,3136.339995084675,1680,1787102,17077,rb9999,SHFE,1d
2024-07-26,3161.990915858252,3173.5465969816705,3150.9152975411243,3163.1157613493106,961,1123568,17988,rb9999,SHFE,1d
2024-07-29,3172.7044133594577,3180.9053373615025,3173.596011998982,3175.249603838899,1513,1855868,15399,rb9999,SHFE,1d
2024-07-30,3183.9663474333597,3190.6912231706256,3174.2247399474873,3185.6007218283225,680,1897191,12461,rb9999,SHFE,1d
2024-07-31,3176.7485889321306,3182.3413286413984,3166.8593501869163,3178.4630204805057,1675,1255383,15575,rb9999,SHFE,1d
2024-08-01,3196.6758271860804,3198.099886218309,3191.930738961195,3193.8161772915114,1342,1884252,19732,rb9999,SHFE,1d
2024-08-02,3229.655287997774,3233.7337739073714,3215.1094075137685,3226.3760275743175,516,1851938,15810,rb9999,SHFE,1d
2024-08-05,3174.66706768254,3189.1878022485093,3163.0186643232523,3171.70601022759,1220,1836822,19780,rb9999,SHFE,1d
2024-08-06,3196.260655906282,3202.346819256274,3185.567293503649,3194.89738744288,740,1956364,15294,rb9999,SHFE,1d
2024-08-07,3189.4828867377446,3193.576732752237,3190.4282581453353,3191.7436705440755,1659,1790169,18569,rb9999,SHFE,1d
2024-08-08,3177.9198709163043,3184.882511049494,3165.8535926626687,3174.8725315856395,1506,1943925,17497,rb9999,SHFE,1d
2024-08-09,3097.274174627866,3100.107204799175,3088.0973117065228,3098.2478008164553,1198,1588673,19982,rb9999,SHFE,1d
2024-08-12,3055.8453506007095,3072.626194222264,3052.5850553428795,3055.774908241131,1718,1040947,14485,rb9999,SHFE,1d
2024-08-13,3112.266157184782,3116.8886501104816,3102.2606349856187,3108.1068248163792,1132,1043463,11501,rb9999,SHFE,1d
2024-08-14,3087.0387770323555,3092.422827676358,3072.4950983674235,3086.7795096050954,1562,1033027,12348,rb9999,SHFE,1d
2024-08-15,3054.2311246563677,3061.5922292530677,3049.148837488988,3053.476048792788,1128,1802504,11443,rb9999,SHFE,1d
2024-08-16,3035.2767054408987,3040.7234282111312,3026.176299316644,3039.5709489237693,1242,1741122,14366,rb9999,SHFE,1d
2024-08-19,3018.4751563545074,3023.725073779455,3004.846817684648,3017.0058464679287,920,1383997,16736,rb9999,SHFE,1d
2024-08-20,3017.7997225965273,3026.427912463147,3014.6954842209766,3020.7600875622443,1939,1572275,15126,rb9999,SHFE,1d
2024-08-21,3070.037108900622,3086.0669780975545,3065.6285663783474,3066.933557210635,1363,1841630,16291,rb9999,SHFE,1d
2024-08-22,3048.4322601356057,3052.2094143492964,3041.2452244556303,3048.9951021226616,1300,1122313,11608,rb9999,SHFE,1d
2024-08-23,3046.874433637956,3065.484227805178,3053.4902332034703,3053.7030292046366,1600,1591408,12587,rb9999,SHFE,1d
2024-08-26,3017.789188465267,3021.1731022352296,3017.3464237227054,3018.8700046139447,1776,1667330,17110,rb9999,SHFE,1d
2024-08-27,3064.4134923661236,3071.5574566145824,3064.299733209913,3065.1124438670554,1137,1814389,15147,rb9999,SHFE,1d
2024-08-28,3072.4031702107523,3085.86416261037,3063.7676537756633,3070.9123183587308,947,1829637,16020,rb9999,SHFE,1d
2024-08-29,3039.906584067386,3039.3521712971337,3031.253859954686,3037.8696548226562,786,1871143,19702,rb9999,SHFE,1d
2024-08-30,3064.4611381257546,3070.2600218914204,3055.626227748813,3065.465888237331,902,1026902,16996,rb9999,SHFE,1d
2024-09-02,3105.6150906677785,3110.360893244525,3095.251582323406,3102.472694749864,1327,1742002,13694,rb9999,SHFE,1d
2024-09-03,3097.6443005870997,3112.4118739583278,3098.530704461368,3107.485880303027,562,1805346,15172,rb9999,SHFE,1d
2024-09-04,3054.7745320165586,3061.3280174404194,3050.3351021984845,3056.9571658003742,1447,1197942,19834,rb9999,SHFE,1d
2024-09-05,3108.5573242829796,3115.33010495503,3085.49671001583,3112.019023054391,967,1909381,19121,rb9999,SHFE,1d
2024-09-06,3117.769909499846,3137.8043564527347,3120.2233453012313,3121.6850754467105,821,1059948,18274,rb9999,SHFE,1d
2024-09-09,3161.4688116879565,3168.7529372411423,3156.6450142244594,3158.4376389623403,1893,1220235,19784,rb9999,SHFE,1d
2024-09-10,3143.690354807257,3150.6750869656926,3133.2921421126384,3141.085859391854,904,1466270,15148,rb9999,SHFE,1d
2024-09-11,3126.1625965556104,3136.7938130369866,3116.2860832232705,3128.589662622038,975,1075532,13000,rb9999,SHFE,1d
2024-09-12,3135.736926442906,3134.1232359276473,3118.0449399409695,3132.0471963065643,1568,1314649,18737,rb9999,SHFE,1d
2024-09-13,3167.435676300533,3173.531680815346,3157.7571353441554,3167.114319052537,1967,1318017,10189,rb9999,SHFE,1d
2024-09-16,3170.3087832350666,3174.3510887732386,3167.230958564044,3171.6462160176447,1010,1242290,15339,rb9999,SHFE,1d
2024-09-17,3129.8630920514706,3154.31515252511,3131.356265466007,3132.03334935824,1637,1303020,13895,rb9999,SHFE,1d
2024-09-18,3137.805729091771,3141.305718262491,3139.257989879746,3140.249696644704,1374,1901234,19285,rb9999,SHFE,1d
2024-09-19,3193.349363102248,3192.610348083333,3187.536004059012,3191.8403412399166,1405,1088853,17526,rb9999,SHFE,1d
2024-09-20,3196.0180206663936,3197.063141957433,3185.41449249872,3193.9414639701918,972,1849160,13017,rb9999,SHFE,1d
2024-09-23,3198.839381597329,3214.324023915576,3195.3977670825766,3198.0766364428673,1156,1514651,15962,rb9999,SHFE,1d
2024-09-24,3151.478848277287,3160.4464183241735,3150.268665430302,3157.9533400393866,716,1686831,13741,rb9999,SHFE,1d
2024-09-25,3114.8798013111,3116.1246126362175,3102.1883285602075,3113.956953213439,1841,1474216,19553,rb9999,SHFE,1d
2024-09-26,3095.9121038181984,3108.0949711346575,3093.9820492002386,3094.162674873248,927,1234697,12577,rb9999,SHFE,1d
2024-09-27,3082.0122827488212,3088.627863559674,3078.256398701057,3084.076163805319,1543,1738621,10866,rb9999,SHFE,1d
2024-09-30,3087.420673371178,3089.041178107912,3077.1368708712357,3087.2871465260073,967,1927601,13830,rb9999,SHFE,1d
2024-10-01,3086.65106497301,3092.971076359625,3087.835910342437,3092.414968680055,780,1329685,14501,rb9999,SHFE,1d
2024-10-02,3138.486506255973,3145.4373568591373,3128.1288560392186,3142.3515013835977,523,1373841,13503,rb9999,SHFE,1d
2024-10-03,3143.1767486869912,3147.770839172812,3129.587345104475,3144.196208239506,565,1011387,11428,rb9999,SHFE,1d
2024-10-04,3176.8581573933907,3184.346623099157,3167.9829560196235,3177.8424977425693,1331,1438289,12534,rb9999,SHFE,1d
2024-10-07,3177.710061375838,3192.079649781753,3175.042753800262,3176.592919173719,1237,1443068,17726,rb9999,SHFE,1d
2024-10-08,3219.1283338435796,3226.46497421069,3215.9421380112335,3222.9537394565505,1528,1195931,16058,rb9999,SHFE,1d
2024-10-09,3162.1526385182688,3174.6910474056886,3158.5895600780277,3163.2319524442446,810,1260956,19766,rb9999,SHFE,1d
2024-10-10,3142.8092239398134,3152.6156905368102,3129.5767959311947,3144.349262631208,1269,1224248,18999,rb9999,SHFE,1d
2024-10-11,3177.0883434984135,3180.529613706552,3160.125761503315,3175.411692865385,820,1447450,12410,rb9999,SHFE,1d
2024-10-14,3174.4721449783246,3171.0318873218357,3162.1482706862375,3169.9674856069405,808,1696010,19573,rb9999,SHFE,1d
2024-10-15,3205.140952347798,3202.876991005911,3190.1163179924138,3199.634636086588,1346,1409916,16109,rb9999,SHFE,1d
2024-10-16,3206.9412997514046,3214.073883386303,3208.993271590386,3211.9790963957767,1162,1818865,17159,rb9999,SHFE,1d
2024-10-17,3242.348920451815,3260.3727704454027,3239.173686348631,3242.5046066897526,1802,1694467,10696,rb9999,SHFE,1d
2024-10-18,3258.8148507915466,3269.4756669186195,3250.288385242474,3262.4444158271986,1080,1006436,12763,rb9999,SHFE,1d
2024-10-21,3284.2833751531,3295.679193716096,3282.871434076544,3284.496029689199,1949,1595499,19464,rb9999,SHFE,1d
2024-10-22,3335.2932558603907,3349.383066402982,3333.7275488183845,3333.8832923400705,1719,1803162,17791,rb9999,SHFE,1d
2024-10-23,3367.2083092842713,3370.1978506640994,3360.3329730272753,3366.9339348120484,1193,1119399,19497,rb9999,SHFE,1d
2024-10-24,3400.3949028599286,3412.455173258705,3393.74595395513,3400.5615701593374,886,1543234,17637,rb9999,SHFE,1d
2024-10-25,3406.3001893993974,3402.7251457680745,3399.0579948657023,3401.2559935176055,1101,1510362,12463,rb9999,SHFE,1d
2024-10-28,3383.9612839681026,3382.1558548069543,3379.6365688221795,3381.523241583121,1159,1830449,10957,rb9999,SHFE,1d
2024-10-29,3358.3775275483495,3360.044897871897,3354.561385042496,3359.293453896169,1403,1941684,17961,rb9999,SHFE,1d
2024-10-30,3384.6967885297686,3401.0004171019345,3384.135178704964,3384.6148423983277,661,1503361,12343,rb9999,SHFE,1d
2024-10-31,3305.9571214986217,3308.509986742892,3292.374402648335,3303.080475956462,760,1790442,18242,rb9999,SHFE,1d
2024-11-01,3262.172333380487,3274.3030383562145,3258.610718934927,3260.1843039440037,1186,1489666,14443,rb9999,SHFE,1d
2024-11-04,3227.5586818447227,3235.757704677293,3223.0942014804873,3228.9312233482615,1751,1339047,10959,rb9999,SHFE,1d
2024-11-05,3215.2276298823617,3229.1332856266085,3214.188092812397,3220.9455904834513,875,1074040,14682,rb9999,SHFE,1d
2024-11-06,3133.57723321051,3138.0957949393387,3119.9058391246463,3137.2938518791684,1897,1237917,13389,rb9999,SHFE,1d
2024-11-07,3177.496998008793,3187.4477475298286,3168.9727543478643,3177.0332171619093,1567,1050764,11943,rb9999,SHFE,1d
2024-11-08,3190.4482957720743,3205.726561377818,3185.4199694575987,3196.158318433369,1815,1594823,16255,rb9999,SHFE,1d
2024-11-11,3259.7254726249926,3276.7128772593474,3256.7081510577245,3260.2223125677383,1720,1039378,15044,rb9999,SHFE,1d
2024-11-12,3293.5429166052054,3302.8887178116383,3279.1254272973124,3295.0374440241985,1598,1193004,14677,rb9999,SHFE,1d
2024-11-13,3332.491021940559,3331.319663068041,3329.0288142382406,3329.164345136877,991,1116658,15368,rb9999,SHFE,1d
2024-11-14,3400.4547483613997,3419.6492643233846,3386.8192238411057,3404.942611940356,1962,1796376,10873,rb9999,SHFE,1d
2024-11-15,3379.017096269431,3385.983865206158,3373.355215865117,3385.557210665289,1865,1356423,16946,rb9999,SHFE,1d
2024-11-18,3333.6379719242454,3339.900638557299,3324.0693170478535,3335.0374895296495,1044,1204268,16111,rb9999,SHFE,1d
2024-11-19,3329.4093248456556,3344.7946332916104,3318.7025024556815,3327.297279204965,1198,1826860,12231,rb9999,SHFE,1d
2024-11-20,3303.490949067997,3315.380054306568,3284.90880693982,3299.960260209877,1169,1340286,13736,rb9999,SHFE,1d
2024-11-21,3288.502295257363,3307.714167811773,3287.0770992518437,3291.495340895721,1124,1862620,15569,rb9999,SHFE,1d
2024-11-22,3258.6400173135426,3262.2587039935374,3252.579432770899,3257.1083173498987,1519,1087904,16849,rb9999,SHFE,1d
2024-11-25,3272.0167393196084,3278.06663501163,3271.800384354938,3275.6574046956257,996,1565465,10092,rb9999,SHFE,1d
2024-11-26,3290.038621348504,3308.9433363779353,3276.4317746838306,3292.504138878197,1255,1532587,15690,rb9999,SHFE,1d
2024-11-27,3293.486135704198,3298.6798866532313,3289.050273265386,3291.6178307833466,1688,1005946,17262,rb9999,SHFE,1d
2024-11-28,3304.2611517475625,3316.2712382504524,3295.8687103429866,3301.889897726064,1758,1538901,13624,rb9999,SHFE,1d
2024-11-29,3293.9077078111413,3300.8186167975805,3285.346115119671,3297.202868884754,1853,1992836,17849,rb9999,SHFE,1d
2024-12-02,3323.670072271375,3329.038811781458,3320.097369040527,3322.0924161543016,536,1527266,10119,rb9999,SHFE,1d
2024-12-03,3318.1950985831395,3335.3914788700367,3320.8234989006605,3324.40675197838,1941,1242304,16083,rb9999,SHFE,1d
2024-12-04,3314.922026810789,3319.129191332086,3314.5085625779175,3315.5939614596227,689,1056304,19034,rb9999,SHFE,1d
2024-12-05,3342.763079861368,3358.454689291421,3339.8680207617585,3346.5589076972483,997,1306659,11128,rb9999,SHFE,1d
