{
    "typeCheckingMode": "basic",
    "reportMissingTypeStubs": false,
    "reportUnknownMemberType": false,
    "reportUnknownArgumentType": false,
    "reportUnknownVariableType": false,
    "reportUnknownParameterType": false,
    "reportMissingTypeArgument": false,
    "reportUnusedImport": "warning",
    "reportGeneralTypeIssues": "warning",
    "pythonVersion": "3.14",
    "include": ["src", "config", "tests", "main.py"],
    "exclude": ["**/__pycache__", "**/node_modules", ".git"]
}
